"year","revenue"
1,34451.7177477916
2,64543.4665348222
3,47696.5535968614
4,84604.1000808396
5,117060.058011619
6,82044.1860728994
7,101049.533754793
8,131516.102460173
9,126882.055156754
10,158340.166939102
11,204626.177096471
12,230425.69112923
13,245617.995557435
14,231246.685294749
15,301402.438484124
16,362343.387751303
17,400794.360692182
18,429740.553441087
19,434835.424305171
20,552378.151808102
